{"lr": 0.01, "data_time": 0.1868271827697754, "loss": 0.09567427742294968, "time": 0.30150461196899414, "epoch": 1, "iter": 70, "memory": 876, "step": 70}
{"accuracy/top1": 92.92035675048828, "data_time": 0.14933350682258606, "time": 0.26543328166007996, "step": 1}
{"lr": 0.01, "data_time": 0.04436683654785156, "loss": 0.17667191023938358, "time": 0.11554625034332275, "epoch": 2, "iter": 140, "memory": 876, "step": 140}
{"accuracy/top1": 89.82301330566406, "data_time": 0.03262501292758518, "time": 0.09394984775119358, "step": 2}
{"lr": 0.01, "data_time": 0.04284071922302246, "loss": 0.013875883439322934, "time": 0.12026438713073731, "epoch": 3, "iter": 210, "memory": 876, "step": 210}
{"accuracy/top1": 85.39823150634766, "data_time": 0.030547592375013564, "time": 0.10268155733744304, "step": 3}
{"lr": 0.01, "data_time": 0.04448204040527344, "loss": 0.05408482137718238, "time": 0.11987237930297852, "epoch": 4, "iter": 280, "memory": 876, "step": 280}
{"accuracy/top1": 86.72566223144531, "data_time": 0.03260212474399143, "time": 0.09940356678432888, "step": 4}
{"lr": 0.01, "data_time": 0.04494044780731201, "loss": 0.044747376115992665, "time": 0.12314445972442627, "epoch": 5, "iter": 350, "memory": 876, "step": 350}
{"accuracy/top1": 93.80531311035156, "data_time": 0.032996575037638344, "time": 0.0994529194302029, "step": 5}
